"HITId","HITTypeId","Title","Description","Keywords","Reward","CreationTime","MaxAssignments","RequesterAnnotation","AssignmentDurationInSeconds","AutoApprovalDelayInSeconds","Expiration","NumberOfSimilarHITs","LifetimeInSeconds","AssignmentId","WorkerId","AssignmentStatus","AcceptTime","SubmitTime","AutoApprovalTime","ApprovalTime","RejectionTime","RequesterFeedback","WorkTimeInSeconds","LifetimeApprovalRate","Last30DaysApprovalRate","Last7DaysApprovalRate","Input.artichoke_url","Input.parmesan_url","Input.parsley_url","Input.bread_crumbs_url","Input.olive_oil_url","Answer.command","Approve","Reject"
"31D0ZWOD0A0KKC0PWV6H3KI1QS9A0E","347175VYZ0878JMLDRF5KSPG4XTQH9","Cooking with Assistance","Write a command to ask a person to hand you an ingredient","image, cooking, command, assistance","$1.20","Fri Jan 16 21:32:36 GMT 2015","100","BatchId:1791393;","3600","28800","Fri Jan 16 21:42:53 GMT 2015","","","30ZX6P7VF8W54Z41VQSA4RAIOMCJ2E","A12J4IRF5Z06BT","Approved","Fri Jan 16 21:34:00 GMT 2015","Fri Jan 16 21:38:36 GMT 2015","Fri Jan 16 21:38:36 PST 2015","Fri Jan 16 13:43:26 PST 2015","","","276","100% (1/1)","100% (1/1)","100% (1/1)","http://cs.brown.edu/~dwhitney/recipe_scenes/artichokes1/artichokes.jpg","http://cs.brown.edu/~dwhitney/recipe_scenes/artichokes1/parmesan.jpg","http://cs.brown.edu/~dwhitney/recipe_scenes/artichokes1/parsley.jpg","http://cs.brown.edu/~dwhitney/recipe_scenes/artichokes1/bread_crumbs.jpg","http://cs.brown.edu/~dwhitney/recipe_scenes/artichokes1/olive_oil.jpg","Can you hand me those artichokes?|Please hand me the artichokes, to the right of the cutting board.|Would you be able to hand me the parsley?|If you could hand me the parsley on the cutting board?|May I see the bread crumbs?|Please hand me the bread crumbs, they are to the left of the cutting board|Can I have the Parmesan cheese?|May I see the parmesan cheese, it's in the bowl by the cutting board.|Last, can I see the olive oil?|Can you hand me the olive oil, in that bottle by the microwave?"
"31D0ZWOD0A0KKC0PWV6H3KI1QS9A0E","347175VYZ0878JMLDRF5KSPG4XTQH9","Cooking with Assistance","Write a command to ask a person to hand you an ingredient","image, cooking, command, assistance","$1.20","Fri Jan 16 21:32:36 GMT 2015","100","BatchId:1791393;","3600","28800","Fri Jan 16 21:42:53 GMT 2015","","","31EUONYN2V4S21T0ZD4QESOFKEGVOI","A1XBKS1U674XFA","Approved","Fri Jan 16 21:38:17 GMT 2015","Fri Jan 16 21:42:15 GMT 2015","Fri Jan 16 21:42:15 PST 2015","Fri Jan 16 13:43:41 PST 2015","","","238","100% (1/1)","100% (1/1)","100% (1/1)","http://cs.brown.edu/~dwhitney/recipe_scenes/artichokes1/artichokes.jpg","http://cs.brown.edu/~dwhitney/recipe_scenes/artichokes1/parmesan.jpg","http://cs.brown.edu/~dwhitney/recipe_scenes/artichokes1/parsley.jpg","http://cs.brown.edu/~dwhitney/recipe_scenes/artichokes1/bread_crumbs.jpg","http://cs.brown.edu/~dwhitney/recipe_scenes/artichokes1/olive_oil.jpg","Hand me the artichokes.|Give me the green artichokes that are in front of the microwave.|Hand me the parsley please. |Get me the green parsley on the cutting board. |Get me the breadcrumbs. |Get me the breadcrumbs in the black and white container. |Get me the parmesan cheese. |Get me the parmesan cheese that's in the glass bowl. |Give me the olive oil.|Give me the olive oil that's in the tall glass bottle."
"31D0ZWOD0A0KKC0PWV6H3KI1QS9A0E","347175VYZ0878JMLDRF5KSPG4XTQH9","Cooking with Assistance","Write a command to ask a person to hand you an ingredient","image, cooking, command, assistance","$1.20","Fri Jan 16 21:32:36 GMT 2015","100","BatchId:1791393;","3600","28800","Fri Jan 16 21:42:53 GMT 2015","","","31QTRG6Q2TERRV06JO4PARXZC0EPY2","A2GQLW59SKDSJ6","Approved","Fri Jan 16 21:38:26 GMT 2015","Fri Jan 16 21:40:38 GMT 2015","Fri Jan 16 21:40:38 PST 2015","Fri Jan 16 13:43:39 PST 2015","","","132","100% (1/1)","100% (1/1)","100% (1/1)","http://cs.brown.edu/~dwhitney/recipe_scenes/artichokes1/artichokes.jpg","http://cs.brown.edu/~dwhitney/recipe_scenes/artichokes1/parmesan.jpg","http://cs.brown.edu/~dwhitney/recipe_scenes/artichokes1/parsley.jpg","http://cs.brown.edu/~dwhitney/recipe_scenes/artichokes1/bread_crumbs.jpg","http://cs.brown.edu/~dwhitney/recipe_scenes/artichokes1/olive_oil.jpg","Can I have the artichokes?|Give me the artichokes in front of the aunt jemima box.|Hand me the parsley.|Can I have the parsley- it is on the chopping board.|Can I have the breadcrumbs?|The breadcrumbs- can I have those please?|Please hand me the Parmesan cheese.|Can I please have the bowl of cheese?|Can I have the olive oil please?|The olive oil? In the tall bottle?"
"31D0ZWOD0A0KKC0PWV6H3KI1QS9A0E","347175VYZ0878JMLDRF5KSPG4XTQH9","Cooking with Assistance","Write a command to ask a person to hand you an ingredient","image, cooking, command, assistance","$1.20","Fri Jan 16 21:32:36 GMT 2015","100","BatchId:1791393;","3600","28800","Fri Jan 16 21:42:53 GMT 2015","","","32SCWG5HIH5P8BQ0D59XR0D6DQL6PJ","A3JI3B5GTVA95F","Approved","Fri Jan 16 21:34:08 GMT 2015","Fri Jan 16 21:42:26 GMT 2015","Fri Jan 16 21:42:26 PST 2015","Fri Jan 16 13:43:40 PST 2015","","","498","100% (1/1)","100% (1/1)","100% (1/1)","http://cs.brown.edu/~dwhitney/recipe_scenes/artichokes1/artichokes.jpg","http://cs.brown.edu/~dwhitney/recipe_scenes/artichokes1/parmesan.jpg","http://cs.brown.edu/~dwhitney/recipe_scenes/artichokes1/parsley.jpg","http://cs.brown.edu/~dwhitney/recipe_scenes/artichokes1/bread_crumbs.jpg","http://cs.brown.edu/~dwhitney/recipe_scenes/artichokes1/olive_oil.jpg","Please hand me the artichokes.|Give me the artichokes in front of the microwave.|Please hand me the parsley.|Give me the parsley in front of the container.|Please hand me the bread crumbs.|Give me the bread crumbs on the left side of the counter-top. |Please hand me the Parmesan cheese.|Give me the Parmesan cheese in the glass bowl on the left.|Please hand me the olive oil.|Give me the olive oil next to the microwave."
"31D0ZWOD0A0KKC0PWV6H3KI1QS9A0E","347175VYZ0878JMLDRF5KSPG4XTQH9","Cooking with Assistance","Write a command to ask a person to hand you an ingredient","image, cooking, command, assistance","$1.20","Fri Jan 16 21:32:36 GMT 2015","100","BatchId:1791393;","3600","28800","Fri Jan 16 21:42:53 GMT 2015","","","32XVDSJFPZYV57AMYN52KJ2ZSG82M2","A20JA64BT9D6FR","Approved","Fri Jan 16 21:37:15 GMT 2015","Fri Jan 16 21:42:41 GMT 2015","Fri Jan 16 21:42:41 PST 2015","Fri Jan 16 13:43:42 PST 2015","","","326","100% (1/1)","100% (1/1)","100% (1/1)","http://cs.brown.edu/~dwhitney/recipe_scenes/artichokes1/artichokes.jpg","http://cs.brown.edu/~dwhitney/recipe_scenes/artichokes1/parmesan.jpg","http://cs.brown.edu/~dwhitney/recipe_scenes/artichokes1/parsley.jpg","http://cs.brown.edu/~dwhitney/recipe_scenes/artichokes1/bread_crumbs.jpg","http://cs.brown.edu/~dwhitney/recipe_scenes/artichokes1/olive_oil.jpg","Pass the artichokes, please.|I need the artichokes on the right.|Please give me the parsley.|Pass me the parsley on the cutting board.|I need the breadcrumbs.|Pass me the container of bread crumbs.|Pass the bowl of cheese.|I want the bowl of Parmesan.|Hand me the oil.|I need the olive oil in the clear jar."
"31D0ZWOD0A0KKC0PWV6H3KI1QS9A0E","347175VYZ0878JMLDRF5KSPG4XTQH9","Cooking with Assistance","Write a command to ask a person to hand you an ingredient","image, cooking, command, assistance","$1.20","Fri Jan 16 21:32:36 GMT 2015","100","BatchId:1791393;","3600","28800","Fri Jan 16 21:42:53 GMT 2015","","","345LHZDEDXT33XBEBPATU3OLBGAU3W","A39NHCOMRAS4ST","Approved","Fri Jan 16 21:35:22 GMT 2015","Fri Jan 16 21:41:55 GMT 2015","Fri Jan 16 21:41:55 PST 2015","Fri Jan 16 13:43:40 PST 2015","","","393","100% (1/1)","100% (1/1)","100% (1/1)","http://cs.brown.edu/~dwhitney/recipe_scenes/artichokes1/artichokes.jpg","http://cs.brown.edu/~dwhitney/recipe_scenes/artichokes1/parmesan.jpg","http://cs.brown.edu/~dwhitney/recipe_scenes/artichokes1/parsley.jpg","http://cs.brown.edu/~dwhitney/recipe_scenes/artichokes1/bread_crumbs.jpg","http://cs.brown.edu/~dwhitney/recipe_scenes/artichokes1/olive_oil.jpg","Please hand me the 4 artichokes. |Please hand me the four green round veggies in from of the Aunt Jamima box.|Please hand me the parsley.|Please hand me the bunch of leafy greens that are laying on the cuttingboard.|Please hand me the breadcrumbs.|Please hand me the cylinder shaped container that says 4C on the front.|Please hand me the parmesan cheese. |Please hand me the bowl of cheese that is to the left of the cutting board and in front of the breadcrumbs.|Please hand me the olive oil.|Please hand me the tall bottle of yellow oil that is behind the artichokes. Thanks."
"31D0ZWOD0A0KKC0PWV6H3KI1QS9A0E","347175VYZ0878JMLDRF5KSPG4XTQH9","Cooking with Assistance","Write a command to ask a person to hand you an ingredient","image, cooking, command, assistance","$1.20","Fri Jan 16 21:32:36 GMT 2015","100","BatchId:1791393;","3600","28800","Fri Jan 16 21:42:53 GMT 2015","","","34J10VATJFZQ17MGFJXBO8TLRD2IQG","A33B85TN97HQ33","Approved","Fri Jan 16 21:40:09 GMT 2015","Fri Jan 16 21:42:45 GMT 2015","Fri Jan 16 21:42:45 PST 2015","Fri Jan 16 13:43:42 PST 2015","","","156","100% (1/1)","100% (1/1)","100% (1/1)","http://cs.brown.edu/~dwhitney/recipe_scenes/artichokes1/artichokes.jpg","http://cs.brown.edu/~dwhitney/recipe_scenes/artichokes1/parmesan.jpg","http://cs.brown.edu/~dwhitney/recipe_scenes/artichokes1/parsley.jpg","http://cs.brown.edu/~dwhitney/recipe_scenes/artichokes1/bread_crumbs.jpg","http://cs.brown.edu/~dwhitney/recipe_scenes/artichokes1/olive_oil.jpg","Please hand me the artichokes.|Hand me the large, green artichokes.|Hand me the parsley.|Please hand me the green, leafy parsley.|Hand me the bread crumbs.|Hand me the canister of bread crumbs.|Please hand me the parmesan.|Hand me that grated parmesan.|Hand me the olive oil.|Hand me the bottle of olive oil."
"31D0ZWOD0A0KKC0PWV6H3KI1QS9A0E","347175VYZ0878JMLDRF5KSPG4XTQH9","Cooking with Assistance","Write a command to ask a person to hand you an ingredient","image, cooking, command, assistance","$1.20","Fri Jan 16 21:32:36 GMT 2015","100","BatchId:1791393;","3600","28800","Fri Jan 16 21:42:53 GMT 2015","","","358010RM5EUFWA7S04RMX5F8WIKVXM","AJ96T4J2PFLWG","Approved","Fri Jan 16 21:33:04 GMT 2015","Fri Jan 16 21:38:02 GMT 2015","Fri Jan 16 21:38:02 PST 2015","Fri Jan 16 13:43:25 PST 2015","","","298","100% (1/1)","100% (1/1)","100% (1/1)","http://cs.brown.edu/~dwhitney/recipe_scenes/artichokes1/artichokes.jpg","http://cs.brown.edu/~dwhitney/recipe_scenes/artichokes1/parmesan.jpg","http://cs.brown.edu/~dwhitney/recipe_scenes/artichokes1/parsley.jpg","http://cs.brown.edu/~dwhitney/recipe_scenes/artichokes1/bread_crumbs.jpg","http://cs.brown.edu/~dwhitney/recipe_scenes/artichokes1/olive_oil.jpg","Please hand me those artichokes.|The artichokes right there, please hand them to me.|Can you get that parsley for me please?|Can I have the parsley that is on the counter please?|Can you hand me those bread crumbs?|Please hand me that container of breadcrumbs.|I need the parmesan cheese, can you get it for me? |Hand me the parmesan cheese please.|Please get that bottle of olive oil for me.|The bottle right there, olive oil, hand it to me please."
"31D0ZWOD0A0KKC0PWV6H3KI1QS9A0E","347175VYZ0878JMLDRF5KSPG4XTQH9","Cooking with Assistance","Write a command to ask a person to hand you an ingredient","image, cooking, command, assistance","$1.20","Fri Jan 16 21:32:36 GMT 2015","100","BatchId:1791393;","3600","28800","Fri Jan 16 21:42:53 GMT 2015","","","35L9RVQFCOJIX5IDQAZVYXPVULTHUR","A2YYQJ3JWA2KGD","Approved","Fri Jan 16 21:36:25 GMT 2015","Fri Jan 16 21:40:15 GMT 2015","Fri Jan 16 21:40:15 PST 2015","Fri Jan 16 13:43:39 PST 2015","","","230","100% (1/1)","100% (1/1)","100% (1/1)","http://cs.brown.edu/~dwhitney/recipe_scenes/artichokes1/artichokes.jpg","http://cs.brown.edu/~dwhitney/recipe_scenes/artichokes1/parmesan.jpg","http://cs.brown.edu/~dwhitney/recipe_scenes/artichokes1/parsley.jpg","http://cs.brown.edu/~dwhitney/recipe_scenes/artichokes1/bread_crumbs.jpg","http://cs.brown.edu/~dwhitney/recipe_scenes/artichokes1/olive_oil.jpg","Pass me the artichokes.|Please hand me the four artichokes on the counter.|Hand me the parsley. |Please give me the bunch of parsley on the cutting board.|Pass the breadcrumbs.|Please give me the can of bread crumbs.|Hand me the Parmesan.|Please give me the bowl of Parmesan cheese.|Hand over the olive oil.|Please give me the bottle of olive oil."
"31D0ZWOD0A0KKC0PWV6H3KI1QS9A0E","347175VYZ0878JMLDRF5KSPG4XTQH9","Cooking with Assistance","Write a command to ask a person to hand you an ingredient","image, cooking, command, assistance","$1.20","Fri Jan 16 21:32:36 GMT 2015","100","BatchId:1791393;","3600","28800","Fri Jan 16 21:42:53 GMT 2015","","","36PW28KO4ZXMYMDDU4AYDTGOV28AER","A3R25SV8HUGML2","Approved","Fri Jan 16 21:33:08 GMT 2015","Fri Jan 16 21:37:07 GMT 2015","Fri Jan 16 21:37:07 PST 2015","Fri Jan 16 13:43:25 PST 2015","","","239","100% (1/1)","100% (1/1)","100% (1/1)","http://cs.brown.edu/~dwhitney/recipe_scenes/artichokes1/artichokes.jpg","http://cs.brown.edu/~dwhitney/recipe_scenes/artichokes1/parmesan.jpg","http://cs.brown.edu/~dwhitney/recipe_scenes/artichokes1/parsley.jpg","http://cs.brown.edu/~dwhitney/recipe_scenes/artichokes1/bread_crumbs.jpg","http://cs.brown.edu/~dwhitney/recipe_scenes/artichokes1/olive_oil.jpg","Please hand me the artichokes.|Give me the artichokes on the right side of the cutting board.|Give me the parsley.|Please hand me the parsley bunch, it's on the cutting board.|Can you please hand me that tin of bread crumbs?|Please hand me the can of seasoned bread crumbs, the one in front of the juice.|Hand me the bowl of cheese.|The bowl with the white stuff in it to the left of the cutting board.|Please hand me the bottle of olive oil|Hand me the tall bottle next to the microwave."
"31D0ZWOD0A0KKC0PWV6H3KI1QS9A0E","347175VYZ0878JMLDRF5KSPG4XTQH9","Cooking with Assistance","Write a command to ask a person to hand you an ingredient","image, cooking, command, assistance","$1.20","Fri Jan 16 21:32:36 GMT 2015","100","BatchId:1791393;","3600","28800","Fri Jan 16 21:42:53 GMT 2015","","","39GAF6DQWR1769MZTB6F2WB7R361V1","A1IFVCI9XDS70U","Approved","Fri Jan 16 21:35:32 GMT 2015","Fri Jan 16 21:39:19 GMT 2015","Fri Jan 16 21:39:19 PST 2015","Fri Jan 16 13:43:27 PST 2015","","","227","100% (1/1)","100% (1/1)","100% (1/1)","http://cs.brown.edu/~dwhitney/recipe_scenes/artichokes1/artichokes.jpg","http://cs.brown.edu/~dwhitney/recipe_scenes/artichokes1/parmesan.jpg","http://cs.brown.edu/~dwhitney/recipe_scenes/artichokes1/parsley.jpg","http://cs.brown.edu/~dwhitney/recipe_scenes/artichokes1/bread_crumbs.jpg","http://cs.brown.edu/~dwhitney/recipe_scenes/artichokes1/olive_oil.jpg","Can you please pass me the artichokes?|The artichokes, in front of the microwave.|Hand me the parsley?|Can you pass me the parsley on the cutting board?|Can you hand me the bread crumbs?|Can you pass me the bread crumbs, they are in the can next to the orange juice.|Can you pass me the Parmesan cheese please?|The grated cheese in the bowl, please.|Can you hand me the olive oil?|Pass me the olive oil."
"31D0ZWOD0A0KKC0PWV6H3KI1QS9A0E","347175VYZ0878JMLDRF5KSPG4XTQH9","Cooking with Assistance","Write a command to ask a person to hand you an ingredient","image, cooking, command, assistance","$1.20","Fri Jan 16 21:32:36 GMT 2015","100","BatchId:1791393;","3600","28800","Fri Jan 16 21:42:53 GMT 2015","","","39PAAFCODM18FTY8VUQP82U2JMXVT4","AVMIXXCHPD291","Approved","Fri Jan 16 21:38:20 GMT 2015","Fri Jan 16 21:42:31 GMT 2015","Fri Jan 16 21:42:31 PST 2015","Fri Jan 16 13:43:41 PST 2015","","","251","100% (1/1)","100% (1/1)","100% (1/1)","http://cs.brown.edu/~dwhitney/recipe_scenes/artichokes1/artichokes.jpg","http://cs.brown.edu/~dwhitney/recipe_scenes/artichokes1/parmesan.jpg","http://cs.brown.edu/~dwhitney/recipe_scenes/artichokes1/parsley.jpg","http://cs.brown.edu/~dwhitney/recipe_scenes/artichokes1/bread_crumbs.jpg","http://cs.brown.edu/~dwhitney/recipe_scenes/artichokes1/olive_oil.jpg","Pass me the artichokes, please|Could you please hand me the green artichokes on the right?|Please hand me the parsley.|Could you pass me the green parsley on the left?|Please pass the breadcrumbs. |Please hand me the container of breadcrumbs on the far left side of the counter. |Now please hand me the parmesan.|Please pass the clear bowl with the parmesan cheese in it.|Can I have the olive oil please?|Please hand me the tall bottle of olive oil there on the right."
"31D0ZWOD0A0KKC0PWV6H3KI1QS9A0E","347175VYZ0878JMLDRF5KSPG4XTQH9","Cooking with Assistance","Write a command to ask a person to hand you an ingredient","image, cooking, command, assistance","$1.20","Fri Jan 16 21:32:36 GMT 2015","100","BatchId:1791393;","3600","28800","Fri Jan 16 21:42:53 GMT 2015","","","3DZQRBDBSLGNOKJAMKFTF26XQJRS3G","A2FXCHVUX14Z41","Approved","Fri Jan 16 21:39:48 GMT 2015","Fri Jan 16 21:43:10 GMT 2015","Fri Jan 16 21:43:10 PST 2015","Fri Jan 16 13:43:41 PST 2015","","","202","100% (1/1)","100% (1/1)","100% (1/1)","http://cs.brown.edu/~dwhitney/recipe_scenes/artichokes1/artichokes.jpg","http://cs.brown.edu/~dwhitney/recipe_scenes/artichokes1/parmesan.jpg","http://cs.brown.edu/~dwhitney/recipe_scenes/artichokes1/parsley.jpg","http://cs.brown.edu/~dwhitney/recipe_scenes/artichokes1/bread_crumbs.jpg","http://cs.brown.edu/~dwhitney/recipe_scenes/artichokes1/olive_oil.jpg","Can you hand me the artichokes on the right?|The green cut artichokes on the right side of the cutting board please.|Please hand me the parsley.|The green leafy herb on the left side of the cutting board please.|Hand me the breadcrumbs|The black and white can with the coated shrimp on it. |Hand me the cheese please.|The finely cut cheese in the clear bowl on the left side of the ingredients.|Please hand me the olive oil.|The oil that is in the tall glass container on the ride side of the cutting board."
"31D0ZWOD0A0KKC0PWV6H3KI1QS9A0E","347175VYZ0878JMLDRF5KSPG4XTQH9","Cooking with Assistance","Write a command to ask a person to hand you an ingredient","image, cooking, command, assistance","$1.20","Fri Jan 16 21:32:36 GMT 2015","100","BatchId:1791393;","3600","28800","Fri Jan 16 21:42:53 GMT 2015","","","3FE2ERCCZX9FXHW4D1VR80ZXYQEOPP","A2STG331R3P3FK","Approved","Fri Jan 16 21:33:49 GMT 2015","Fri Jan 16 21:40:55 GMT 2015","Fri Jan 16 21:40:55 PST 2015","Fri Jan 16 13:43:40 PST 2015","","","426","100% (1/1)","100% (1/1)","100% (1/1)","http://cs.brown.edu/~dwhitney/recipe_scenes/artichokes1/artichokes.jpg","http://cs.brown.edu/~dwhitney/recipe_scenes/artichokes1/parmesan.jpg","http://cs.brown.edu/~dwhitney/recipe_scenes/artichokes1/parsley.jpg","http://cs.brown.edu/~dwhitney/recipe_scenes/artichokes1/bread_crumbs.jpg","http://cs.brown.edu/~dwhitney/recipe_scenes/artichokes1/olive_oil.jpg","Can you toss me the artichokes please?|Please pass me the artichokes.|Give me the parsley.|I need the parsley, the green stuff on the cutting board; now hand it to me.|Hand me the breadcrumbs.|Pass me the breadcrumbs in the round container.|Please give me the Parmesan.|Hand me the Parmesan in the little bowl.|Give me the olive oil, please.|The olive oil, in the tall bottle, give it to me."
"31D0ZWOD0A0KKC0PWV6H3KI1QS9A0E","347175VYZ0878JMLDRF5KSPG4XTQH9","Cooking with Assistance","Write a command to ask a person to hand you an ingredient","image, cooking, command, assistance","$1.20","Fri Jan 16 21:32:36 GMT 2015","100","BatchId:1791393;","3600","28800","Fri Jan 16 21:42:53 GMT 2015","","","3FPRZHYEPY83GC0EGFKYQPQ4PNKV3N","A2Y5DDEPG81LLJ","Approved","Fri Jan 16 21:36:07 GMT 2015","Fri Jan 16 21:41:19 GMT 2015","Fri Jan 16 21:41:19 PST 2015","Fri Jan 16 13:43:40 PST 2015","","","312","100% (2/2)","100% (2/2)","100% (1/1)","http://cs.brown.edu/~dwhitney/recipe_scenes/artichokes1/artichokes.jpg","http://cs.brown.edu/~dwhitney/recipe_scenes/artichokes1/parmesan.jpg","http://cs.brown.edu/~dwhitney/recipe_scenes/artichokes1/parsley.jpg","http://cs.brown.edu/~dwhitney/recipe_scenes/artichokes1/bread_crumbs.jpg","http://cs.brown.edu/~dwhitney/recipe_scenes/artichokes1/olive_oil.jpg","Please hand me the artichoke.|Please hand me the green vegetable in front of the Aunt Jemima pankcake mix.|Please hand me the Parsley.|Please hand me the green herbs in front of the blue topped containter.|Please hand me the breadcrumbs.|Please hand me the large round container that has chicken on it.|Please hand me the parmesan cheese.|Please hand me the glass dish, that is to the left of the cutting board, with shredded cheese in it.|Please hand me the olive oil.|Please hand me the tall glass container in front of the microwave."
"31D0ZWOD0A0KKC0PWV6H3KI1QS9A0E","347175VYZ0878JMLDRF5KSPG4XTQH9","Cooking with Assistance","Write a command to ask a person to hand you an ingredient","image, cooking, command, assistance","$1.20","Fri Jan 16 21:32:36 GMT 2015","100","BatchId:1791393;","3600","28800","Fri Jan 16 21:42:53 GMT 2015","","","3GS6S824SQYNZ5TTO899L57O1DCWND","A2QT68NJYAJV9P","Approved","Fri Jan 16 21:35:03 GMT 2015","Fri Jan 16 21:39:39 GMT 2015","Fri Jan 16 21:39:39 PST 2015","Fri Jan 16 13:43:39 PST 2015","","","276","100% (1/1)","100% (1/1)","100% (1/1)","http://cs.brown.edu/~dwhitney/recipe_scenes/artichokes1/artichokes.jpg","http://cs.brown.edu/~dwhitney/recipe_scenes/artichokes1/parmesan.jpg","http://cs.brown.edu/~dwhitney/recipe_scenes/artichokes1/parsley.jpg","http://cs.brown.edu/~dwhitney/recipe_scenes/artichokes1/bread_crumbs.jpg","http://cs.brown.edu/~dwhitney/recipe_scenes/artichokes1/olive_oil.jpg","Please hand me the artichokes.|Give me the green vegetables that are to the left of the green canister...|I need you to get me the parsley.|Please hand me the bundle of leafy greens.|Hand me the breadcrumbs.|I need the white canister with the black stripe.|Please give me the parmesan.|I need the clear glass bowl with cheese in it.|Please hand me the olive oil.|I need the tall skinny glass bottle with amber liquid in it."
"31D0ZWOD0A0KKC0PWV6H3KI1QS9A0E","347175VYZ0878JMLDRF5KSPG4XTQH9","Cooking with Assistance","Write a command to ask a person to hand you an ingredient","image, cooking, command, assistance","$1.20","Fri Jan 16 21:32:36 GMT 2015","100","BatchId:1791393;","3600","28800","Fri Jan 16 21:42:53 GMT 2015","","","3GU1KF0O4I2VEN7V9WQ52GZYRRWPBN","A39MOCMDRIOSJM","Approved","Fri Jan 16 21:36:17 GMT 2015","Fri Jan 16 21:39:56 GMT 2015","Fri Jan 16 21:39:56 PST 2015","Fri Jan 16 13:43:39 PST 2015","","","219","100% (1/1)","100% (1/1)","100% (1/1)","http://cs.brown.edu/~dwhitney/recipe_scenes/artichokes1/artichokes.jpg","http://cs.brown.edu/~dwhitney/recipe_scenes/artichokes1/parmesan.jpg","http://cs.brown.edu/~dwhitney/recipe_scenes/artichokes1/parsley.jpg","http://cs.brown.edu/~dwhitney/recipe_scenes/artichokes1/bread_crumbs.jpg","http://cs.brown.edu/~dwhitney/recipe_scenes/artichokes1/olive_oil.jpg","Please hand me the lettuce.|The four balls of lettuce on the counter.|Please hand me the greens.|Hand me the parsley stalk.|Please hand me the breadcrumbs.|Hand me the black and white can.|Please hand me the bowl.|Please hand me the bowl with the white stuff.|Please hand me the bottle.|Please hand me the cooking oil."
"31D0ZWOD0A0KKC0PWV6H3KI1QS9A0E","347175VYZ0878JMLDRF5KSPG4XTQH9","Cooking with Assistance","Write a command to ask a person to hand you an ingredient","image, cooking, command, assistance","$1.20","Fri Jan 16 21:32:36 GMT 2015","100","BatchId:1791393;","3600","28800","Fri Jan 16 21:42:53 GMT 2015","","","3HVVDCPGTETPJNTD05D9F1YW13YYTF","A4WSGXF5IARBH","Approved","Fri Jan 16 21:34:19 GMT 2015","Fri Jan 16 21:39:13 GMT 2015","Fri Jan 16 21:39:13 PST 2015","Fri Jan 16 13:43:39 PST 2015","","","294","100% (1/1)","100% (1/1)","100% (1/1)","http://cs.brown.edu/~dwhitney/recipe_scenes/artichokes1/artichokes.jpg","http://cs.brown.edu/~dwhitney/recipe_scenes/artichokes1/parmesan.jpg","http://cs.brown.edu/~dwhitney/recipe_scenes/artichokes1/parsley.jpg","http://cs.brown.edu/~dwhitney/recipe_scenes/artichokes1/bread_crumbs.jpg","http://cs.brown.edu/~dwhitney/recipe_scenes/artichokes1/olive_oil.jpg","Please hand me the artichokes. |Hand me the artichokes. |Hand me the parsley. |Hand me the parsley. |Hand me the breadcrumbs. |Hand me the breadcrumbs. |Give me the bowl of Parmesan cheese.|Give me the bowl of Parmesan cheese.|Can you hand me the olive oil please?|Can you hand me the olive oil please?"
"31D0ZWOD0A0KKC0PWV6H3KI1QS9A0E","347175VYZ0878JMLDRF5KSPG4XTQH9","Cooking with Assistance","Write a command to ask a person to hand you an ingredient","image, cooking, command, assistance","$1.20","Fri Jan 16 21:32:36 GMT 2015","100","BatchId:1791393;","3600","28800","Fri Jan 16 21:42:53 GMT 2015","","","3I0BTBYZAXMO3EWM23PZVQWR4S30Y7","A1UFD8IOZTACGH","Approved","Fri Jan 16 21:36:45 GMT 2015","Fri Jan 16 21:39:23 GMT 2015","Fri Jan 16 21:39:23 PST 2015","Fri Jan 16 13:43:26 PST 2015","","","158","100% (1/1)","100% (1/1)","100% (1/1)","http://cs.brown.edu/~dwhitney/recipe_scenes/artichokes1/artichokes.jpg","http://cs.brown.edu/~dwhitney/recipe_scenes/artichokes1/parmesan.jpg","http://cs.brown.edu/~dwhitney/recipe_scenes/artichokes1/parsley.jpg","http://cs.brown.edu/~dwhitney/recipe_scenes/artichokes1/bread_crumbs.jpg","http://cs.brown.edu/~dwhitney/recipe_scenes/artichokes1/olive_oil.jpg","Can you hand me the artichokes?|Please hand me the artichokes to the right of the cutting board.|Pass the parsley.|Please pass the parsley that is on the cutting board.|Can I have the breadcrumbs?|Pass me the canister of breadcrumbs on the far left.|Pass the parmesaen cheese.|Please hand me the bowl of shredded cheese on the left.|Please pass me the olive oil.|The olive oil on the right near the microwave, please hand it to me."
"31D0ZWOD0A0KKC0PWV6H3KI1QS9A0E","347175VYZ0878JMLDRF5KSPG4XTQH9","Cooking with Assistance","Write a command to ask a person to hand you an ingredient","image, cooking, command, assistance","$1.20","Fri Jan 16 21:32:36 GMT 2015","100","BatchId:1791393;","3600","28800","Fri Jan 16 21:42:53 GMT 2015","","","3IRIK4HM3AL6EMHW80NR70EZE76C6B","A3VP27UUQ34OXK","Approved","Fri Jan 16 21:34:34 GMT 2015","Fri Jan 16 21:40:55 GMT 2015","Fri Jan 16 21:40:55 PST 2015","Fri Jan 16 13:43:24 PST 2015","","","381","100% (1/1)","100% (1/1)","100% (1/1)","http://cs.brown.edu/~dwhitney/recipe_scenes/artichokes1/artichokes.jpg","http://cs.brown.edu/~dwhitney/recipe_scenes/artichokes1/parmesan.jpg","http://cs.brown.edu/~dwhitney/recipe_scenes/artichokes1/parsley.jpg","http://cs.brown.edu/~dwhitney/recipe_scenes/artichokes1/bread_crumbs.jpg","http://cs.brown.edu/~dwhitney/recipe_scenes/artichokes1/olive_oil.jpg","Please hand me the arichokes.|Give me the 4 artichokes on the right side of the table.|Please hand me the parsley.|Give me the green parsley that is sitting on the cutting board.|Please hand me the bread crumbs.|Give me the bread crumb canister on the far left of the table.|Please hand me the parmesan cheese.|Give me the parmesan cheese that is in the clear bowl on the left side of the table.|Please hand me the olive oil.|Give me the bottle of olive oil located on the right of the table in front of the micorwave."
"31D0ZWOD0A0KKC0PWV6H3KI1QS9A0E","347175VYZ0878JMLDRF5KSPG4XTQH9","Cooking with Assistance","Write a command to ask a person to hand you an ingredient","image, cooking, command, assistance","$1.20","Fri Jan 16 21:32:36 GMT 2015","100","BatchId:1791393;","3600","28800","Fri Jan 16 21:42:53 GMT 2015","","","3IXEICO792KN03J7UMIHWAE32T66TO","A1AVXGO6VIGH7D","Approved","Fri Jan 16 21:33:47 GMT 2015","Fri Jan 16 21:37:23 GMT 2015","Fri Jan 16 21:37:23 PST 2015","Fri Jan 16 13:43:25 PST 2015","","","216","100% (1/1)","100% (1/1)","100% (1/1)","http://cs.brown.edu/~dwhitney/recipe_scenes/artichokes1/artichokes.jpg","http://cs.brown.edu/~dwhitney/recipe_scenes/artichokes1/parmesan.jpg","http://cs.brown.edu/~dwhitney/recipe_scenes/artichokes1/parsley.jpg","http://cs.brown.edu/~dwhitney/recipe_scenes/artichokes1/bread_crumbs.jpg","http://cs.brown.edu/~dwhitney/recipe_scenes/artichokes1/olive_oil.jpg","Please hand me the arichokes. |The Green things in front of the Aunt Jemima Box.|Please hand me the pasley.|The parsley is the leafy thing on the cutting board.|Can you hand me the ice tea?|Please hand me the white container that says 4C.|Please hand me the onions.|They are in a bowl to the left of the cutting board.|Could you hand me the oil please.|Hand me the bottle behind the artichokes."
"31D0ZWOD0A0KKC0PWV6H3KI1QS9A0E","347175VYZ0878JMLDRF5KSPG4XTQH9","Cooking with Assistance","Write a command to ask a person to hand you an ingredient","image, cooking, command, assistance","$1.20","Fri Jan 16 21:32:36 GMT 2015","100","BatchId:1791393;","3600","28800","Fri Jan 16 21:42:53 GMT 2015","","","3JJVG1YBEBYRLDPCPHHR4AUH0RWB5O","A9MJVJAMLCDMV","Approved","Fri Jan 16 21:36:54 GMT 2015","Fri Jan 16 21:42:41 GMT 2015","Fri Jan 16 21:42:41 PST 2015","Fri Jan 16 13:43:41 PST 2015","","","347","100% (1/1)","100% (1/1)","100% (1/1)","http://cs.brown.edu/~dwhitney/recipe_scenes/artichokes1/artichokes.jpg","http://cs.brown.edu/~dwhitney/recipe_scenes/artichokes1/parmesan.jpg","http://cs.brown.edu/~dwhitney/recipe_scenes/artichokes1/parsley.jpg","http://cs.brown.edu/~dwhitney/recipe_scenes/artichokes1/bread_crumbs.jpg","http://cs.brown.edu/~dwhitney/recipe_scenes/artichokes1/olive_oil.jpg","HAND ME THE ARTICHOKES|HAND ME THE ARTICHOKES|HAND ME THE PARSELY|HAND ME THE PARSELY|HAND ME THE SEASONING|HAND ME THE SEASONING|HAND ME THE CHEESE|HAND ME THE CHEESE|HAND ME THE OLIVE OIL|HAND ME THE OLIVE OIL"
"31D0ZWOD0A0KKC0PWV6H3KI1QS9A0E","347175VYZ0878JMLDRF5KSPG4XTQH9","Cooking with Assistance","Write a command to ask a person to hand you an ingredient","image, cooking, command, assistance","$1.20","Fri Jan 16 21:32:36 GMT 2015","100","BatchId:1791393;","3600","28800","Fri Jan 16 21:42:53 GMT 2015","","","3K5TEWLKGVCI6FIX1IRLUVST85HVIN","ASF5V3K4IFP4K","Approved","Fri Jan 16 21:37:37 GMT 2015","Fri Jan 16 21:43:14 GMT 2015","Fri Jan 16 21:43:14 PST 2015","Fri Jan 16 13:44:20 PST 2015","","","337","100% (1/1)","100% (1/1)","100% (1/1)","http://cs.brown.edu/~dwhitney/recipe_scenes/artichokes1/artichokes.jpg","http://cs.brown.edu/~dwhitney/recipe_scenes/artichokes1/parmesan.jpg","http://cs.brown.edu/~dwhitney/recipe_scenes/artichokes1/parsley.jpg","http://cs.brown.edu/~dwhitney/recipe_scenes/artichokes1/bread_crumbs.jpg","http://cs.brown.edu/~dwhitney/recipe_scenes/artichokes1/olive_oil.jpg","Please hand me the artichokes on the middle right side.|The artichokes, they are located on the middle right side.|Please hand me the parsley located on the middle left.|Please give me the parsley, which is located on the middle left side.|Please hand me the can of bread crumbs, which are on the left side.|The can of bread crumbs, they are on the left side.|Please give me the bowl of Parmesan cheese, which is on the lower left hand side.|Please hand me bowl of Parmesan cheese, it is on the left side.|Please hand me the bottle of olive oil, which is on the right side.|Please give me the bottle of olive oil, it is on the left side."
"31D0ZWOD0A0KKC0PWV6H3KI1QS9A0E","347175VYZ0878JMLDRF5KSPG4XTQH9","Cooking with Assistance","Write a command to ask a person to hand you an ingredient","image, cooking, command, assistance","$1.20","Fri Jan 16 21:32:36 GMT 2015","100","BatchId:1791393;","3600","28800","Fri Jan 16 21:42:53 GMT 2015","","","3L4PIM1GQTHC38GLWG8EFMXEDI2RYW","A1SSBN3C7NEPEO","Approved","Fri Jan 16 21:35:20 GMT 2015","Fri Jan 16 21:38:26 GMT 2015","Fri Jan 16 21:38:26 PST 2015","Fri Jan 16 13:43:26 PST 2015","","","186","100% (1/1)","100% (1/1)","100% (1/1)","http://cs.brown.edu/~dwhitney/recipe_scenes/artichokes1/artichokes.jpg","http://cs.brown.edu/~dwhitney/recipe_scenes/artichokes1/parmesan.jpg","http://cs.brown.edu/~dwhitney/recipe_scenes/artichokes1/parsley.jpg","http://cs.brown.edu/~dwhitney/recipe_scenes/artichokes1/bread_crumbs.jpg","http://cs.brown.edu/~dwhitney/recipe_scenes/artichokes1/olive_oil.jpg","hand me the artichokes|The green ones in front of the microwave|Hand me the parsley|the vegetable in front of the white tub|Hand me the parmesian cheese|hand me the cheese container on the left|hand me the bread crumbs|hand me the bowl of bread crumbs in the bowl to the left|Hand me the olive oil|hand me the bottle of greenish liquid to the right"
"31D0ZWOD0A0KKC0PWV6H3KI1QS9A0E","347175VYZ0878JMLDRF5KSPG4XTQH9","Cooking with Assistance","Write a command to ask a person to hand you an ingredient","image, cooking, command, assistance","$1.20","Fri Jan 16 21:32:36 GMT 2015","100","BatchId:1791393;","3600","28800","Fri Jan 16 21:42:53 GMT 2015","","","3L70J4KAZGNH6GZDY9ZE7BY3VQ7DA1","AIWM3BHTUTNGQ","Approved","Fri Jan 16 21:32:57 GMT 2015","Fri Jan 16 21:38:13 GMT 2015","Fri Jan 16 21:38:13 PST 2015","Fri Jan 16 13:43:26 PST 2015","","","316","100% (1/1)","100% (1/1)","100% (1/1)","http://cs.brown.edu/~dwhitney/recipe_scenes/artichokes1/artichokes.jpg","http://cs.brown.edu/~dwhitney/recipe_scenes/artichokes1/parmesan.jpg","http://cs.brown.edu/~dwhitney/recipe_scenes/artichokes1/parsley.jpg","http://cs.brown.edu/~dwhitney/recipe_scenes/artichokes1/bread_crumbs.jpg","http://cs.brown.edu/~dwhitney/recipe_scenes/artichokes1/olive_oil.jpg","Please hand me the artichokes.|Give me the artichokes beside the parsley.|Hand me the parsley.|Give me the parsley on the left side of the table.|Pass me the breadcrumbs.|Give me the breadcrumbs behind the parmesan.|Please pass me the parmesan.|Give me the parmesan on the left side of the table|Pass me the olive oil.|Give me the olive oil on the right side of the table."
"31D0ZWOD0A0KKC0PWV6H3KI1QS9A0E","347175VYZ0878JMLDRF5KSPG4XTQH9","Cooking with Assistance","Write a command to ask a person to hand you an ingredient","image, cooking, command, assistance","$1.20","Fri Jan 16 21:32:36 GMT 2015","100","BatchId:1791393;","3600","28800","Fri Jan 16 21:42:53 GMT 2015","","","3L70J4KAZGNH6GZDY9ZE7BY3VQ8DA2","A23WTODPHXZ68Y","Approved","Fri Jan 16 21:37:18 GMT 2015","Fri Jan 16 21:40:31 GMT 2015","Fri Jan 16 21:40:31 PST 2015","Fri Jan 16 13:43:23 PST 2015","","","193","100% (1/1)","100% (1/1)","100% (1/1)","http://cs.brown.edu/~dwhitney/recipe_scenes/artichokes1/artichokes.jpg","http://cs.brown.edu/~dwhitney/recipe_scenes/artichokes1/parmesan.jpg","http://cs.brown.edu/~dwhitney/recipe_scenes/artichokes1/parsley.jpg","http://cs.brown.edu/~dwhitney/recipe_scenes/artichokes1/bread_crumbs.jpg","http://cs.brown.edu/~dwhitney/recipe_scenes/artichokes1/olive_oil.jpg","Please hand me 4 artichokes.|I need 4 artichokes please.|Pass me the parsley.|Parsley. I need parsley.|Can you hand me the bread crumbs.|Can I get you to hand me the bread crumbs, please?|Now I need some Parmesan cheese.|Can you pass me the Parmesan cheese, please?|Now I need the olive oil.|Can you pass me the olive oil in front of the microwave?"
"31D0ZWOD0A0KKC0PWV6H3KI1QS9A0E","347175VYZ0878JMLDRF5KSPG4XTQH9","Cooking with Assistance","Write a command to ask a person to hand you an ingredient","image, cooking, command, assistance","$1.20","Fri Jan 16 21:32:36 GMT 2015","100","BatchId:1791393;","3600","28800","Fri Jan 16 21:42:53 GMT 2015","","","3LYA37P8IQOU3WAFW4LX6ZDZXHQKBH","AESUJGBP5G7OJ","Approved","Fri Jan 16 21:36:33 GMT 2015","Fri Jan 16 21:39:42 GMT 2015","Fri Jan 16 21:39:42 PST 2015","Fri Jan 16 13:43:26 PST 2015","","","189","100% (1/1)","100% (1/1)","100% (1/1)","http://cs.brown.edu/~dwhitney/recipe_scenes/artichokes1/artichokes.jpg","http://cs.brown.edu/~dwhitney/recipe_scenes/artichokes1/parmesan.jpg","http://cs.brown.edu/~dwhitney/recipe_scenes/artichokes1/parsley.jpg","http://cs.brown.edu/~dwhitney/recipe_scenes/artichokes1/bread_crumbs.jpg","http://cs.brown.edu/~dwhitney/recipe_scenes/artichokes1/olive_oil.jpg","Please hand me the artichokes.|Please give me the artichokes in front of the microwave.|Please hand me the parsley.|Please give me the parsley on the left side of the cutting board.|Please hand me the bread crumbs.|Please give me the can of bread crumbs to the left of the cutting board.|Please hand me the Parmesan cheese.|Please give me the bowl of Parmesan cheese to the left of the cutting board.|Please hand me the olive oil.|Please give me the olive oil in front of the microwave."
"31D0ZWOD0A0KKC0PWV6H3KI1QS9A0E","347175VYZ0878JMLDRF5KSPG4XTQH9","Cooking with Assistance","Write a command to ask a person to hand you an ingredient","image, cooking, command, assistance","$1.20","Fri Jan 16 21:32:36 GMT 2015","100","BatchId:1791393;","3600","28800","Fri Jan 16 21:42:53 GMT 2015","","","3M0NZ3JDP1ZN3BSSVVXUQS1KRUI5ZO","A1N4JP7BSPNF95","Approved","Fri Jan 16 21:37:38 GMT 2015","Fri Jan 16 21:41:21 GMT 2015","Fri Jan 16 21:41:21 PST 2015","Fri Jan 16 13:43:23 PST 2015","","","223","100% (1/1)","100% (1/1)","100% (1/1)","http://cs.brown.edu/~dwhitney/recipe_scenes/artichokes1/artichokes.jpg","http://cs.brown.edu/~dwhitney/recipe_scenes/artichokes1/parmesan.jpg","http://cs.brown.edu/~dwhitney/recipe_scenes/artichokes1/parsley.jpg","http://cs.brown.edu/~dwhitney/recipe_scenes/artichokes1/bread_crumbs.jpg","http://cs.brown.edu/~dwhitney/recipe_scenes/artichokes1/olive_oil.jpg","Please hand me the artichokes.|Give me the vegetables to the right of the cutting board.|Please hand me the parsley.|Hand me the leafy greens sitting on top of the cutting board.|Please hand me the bread crumbs.|Please give me the black and white cylinder to the left of the cutting board.|Please hand me the parmesan cheese.|Give me the glass bowl filled with stinky white lumps to the left of the cutting board.|Please hand me the olive oil.|Please give me the glass bottle filled with dark yellow liquid to the right of the red box."
"31D0ZWOD0A0KKC0PWV6H3KI1QS9A0E","347175VYZ0878JMLDRF5KSPG4XTQH9","Cooking with Assistance","Write a command to ask a person to hand you an ingredient","image, cooking, command, assistance","$1.20","Fri Jan 16 21:32:36 GMT 2015","100","BatchId:1791393;","3600","28800","Fri Jan 16 21:42:53 GMT 2015","","","3MRNMEIQW57Y2ZQHV0O4GPEEP27DLK","AXQAMAX5I3RMS","Approved","Fri Jan 16 21:38:10 GMT 2015","Fri Jan 16 21:40:50 GMT 2015","Fri Jan 16 21:40:50 PST 2015","Fri Jan 16 13:43:40 PST 2015","","","160","100% (1/1)","100% (1/1)","100% (1/1)","http://cs.brown.edu/~dwhitney/recipe_scenes/artichokes1/artichokes.jpg","http://cs.brown.edu/~dwhitney/recipe_scenes/artichokes1/parmesan.jpg","http://cs.brown.edu/~dwhitney/recipe_scenes/artichokes1/parsley.jpg","http://cs.brown.edu/~dwhitney/recipe_scenes/artichokes1/bread_crumbs.jpg","http://cs.brown.edu/~dwhitney/recipe_scenes/artichokes1/olive_oil.jpg","Can I have the artichokes?|The artichokes, please.|Can you grab me the parsley?|I need the parsley please.|Pass the breadcrumbs.|Please pass me the breadcrumbs.|Hand me the parmesan cheese.|Can I have the cheese?|Can I have the olive oil?|Please pass me the olive oil."
"31D0ZWOD0A0KKC0PWV6H3KI1QS9A0E","347175VYZ0878JMLDRF5KSPG4XTQH9","Cooking with Assistance","Write a command to ask a person to hand you an ingredient","image, cooking, command, assistance","$1.20","Fri Jan 16 21:32:36 GMT 2015","100","BatchId:1791393;","3600","28800","Fri Jan 16 21:42:53 GMT 2015","","","3MTMREQS4VJGFMZ4F444ZZNO26DAW7","AO7FM98CP90CL","Approved","Fri Jan 16 21:34:49 GMT 2015","Fri Jan 16 21:42:19 GMT 2015","Fri Jan 16 21:42:19 PST 2015","Fri Jan 16 13:43:39 PST 2015","","","450","100% (1/1)","100% (1/1)","100% (1/1)","http://cs.brown.edu/~dwhitney/recipe_scenes/artichokes1/artichokes.jpg","http://cs.brown.edu/~dwhitney/recipe_scenes/artichokes1/parmesan.jpg","http://cs.brown.edu/~dwhitney/recipe_scenes/artichokes1/parsley.jpg","http://cs.brown.edu/~dwhitney/recipe_scenes/artichokes1/bread_crumbs.jpg","http://cs.brown.edu/~dwhitney/recipe_scenes/artichokes1/olive_oil.jpg","""Can I have the artichokes?""|""Will you hand me the artichokes, please?""|""Give me the parsley, please.""|""Please hand me the parsley.""|""I need the bread crumbs.""|Can you please give me the can of bread crumbs?""|""Will you pass me the parmesan cheese?""|""I'd like you to hand me the bowl of parmesan cheese.""|"" Please hand me that bottle of olive oil.""|""Can you hand me the olive oil please?"""
"31D0ZWOD0A0KKC0PWV6H3KI1QS9A0E","347175VYZ0878JMLDRF5KSPG4XTQH9","Cooking with Assistance","Write a command to ask a person to hand you an ingredient","image, cooking, command, assistance","$1.20","Fri Jan 16 21:32:36 GMT 2015","100","BatchId:1791393;","3600","28800","Fri Jan 16 21:42:53 GMT 2015","","","3N2BF7Y2VQVZKXD4H8897N81HZQHMZ","A1SQ385J95FIOQ","Approved","Fri Jan 16 21:35:55 GMT 2015","Fri Jan 16 21:41:15 GMT 2015","Fri Jan 16 21:41:15 PST 2015","Fri Jan 16 13:43:23 PST 2015","","","320","100% (1/1)","100% (1/1)","100% (1/1)","http://cs.brown.edu/~dwhitney/recipe_scenes/artichokes1/artichokes.jpg","http://cs.brown.edu/~dwhitney/recipe_scenes/artichokes1/parmesan.jpg","http://cs.brown.edu/~dwhitney/recipe_scenes/artichokes1/parsley.jpg","http://cs.brown.edu/~dwhitney/recipe_scenes/artichokes1/bread_crumbs.jpg","http://cs.brown.edu/~dwhitney/recipe_scenes/artichokes1/olive_oil.jpg","Hand me the artichokes.|Pass me the artichokes to the left of the salt.|Pass me the parsley.|Hand me the green leafy stuff on the cutting board.|Please hand me the breadcrumbs.|Pass me the breadcrumbs in the white and black cylindrical container.|Please hand me the parmesan.|Pass the parmesan in the small glass bowl.|Hand me the olive oil.|Pass me the olive oil in the glass bottle on the right side, behind the artichokes."
"31D0ZWOD0A0KKC0PWV6H3KI1QS9A0E","347175VYZ0878JMLDRF5KSPG4XTQH9","Cooking with Assistance","Write a command to ask a person to hand you an ingredient","image, cooking, command, assistance","$1.20","Fri Jan 16 21:32:36 GMT 2015","100","BatchId:1791393;","3600","28800","Fri Jan 16 21:42:53 GMT 2015","","","3NPFYT4IZC5WEDHXB9S0X4CY93XGXJ","A3KCT51PDCLUFD","Approved","Fri Jan 16 21:33:30 GMT 2015","Fri Jan 16 21:35:46 GMT 2015","Fri Jan 16 21:35:46 PST 2015","Fri Jan 16 13:43:24 PST 2015","","","136","100% (1/1)","100% (1/1)","100% (1/1)","http://cs.brown.edu/~dwhitney/recipe_scenes/artichokes1/artichokes.jpg","http://cs.brown.edu/~dwhitney/recipe_scenes/artichokes1/parmesan.jpg","http://cs.brown.edu/~dwhitney/recipe_scenes/artichokes1/parsley.jpg","http://cs.brown.edu/~dwhitney/recipe_scenes/artichokes1/bread_crumbs.jpg","http://cs.brown.edu/~dwhitney/recipe_scenes/artichokes1/olive_oil.jpg","Hand me the artichoke|The round green ball thing with leaves|Pass me the parsley|Pass me the leafy things in the front center|Pass me the bread crumbs|Can you pass me that white can on the left|Can you pass the parmesan|The white thing in a glass bowl in the front|Pass the olive oil|The yellow liquid in the glass container"
"31D0ZWOD0A0KKC0PWV6H3KI1QS9A0E","347175VYZ0878JMLDRF5KSPG4XTQH9","Cooking with Assistance","Write a command to ask a person to hand you an ingredient","image, cooking, command, assistance","$1.20","Fri Jan 16 21:32:36 GMT 2015","100","BatchId:1791393;","3600","28800","Fri Jan 16 21:42:53 GMT 2015","","","3OONKJ5DKCKDTNVUUWDQDGU8HMZOB4","AVI7K876BV3QL","Approved","Fri Jan 16 21:33:04 GMT 2015","Fri Jan 16 21:40:44 GMT 2015","Fri Jan 16 21:40:44 PST 2015","Fri Jan 16 13:43:23 PST 2015","","","460","100% (1/1)","100% (1/1)","100% (1/1)","http://cs.brown.edu/~dwhitney/recipe_scenes/artichokes1/artichokes.jpg","http://cs.brown.edu/~dwhitney/recipe_scenes/artichokes1/parmesan.jpg","http://cs.brown.edu/~dwhitney/recipe_scenes/artichokes1/parsley.jpg","http://cs.brown.edu/~dwhitney/recipe_scenes/artichokes1/bread_crumbs.jpg","http://cs.brown.edu/~dwhitney/recipe_scenes/artichokes1/olive_oil.jpg","Please hand me the artichokes.|Grab me the 4 artichokes sitting in front of the microwave.|Please hand me the parsley.|Give me the parsley on the cutting board.|Please pass me the bread crumbs.|Give me the breadcrumbs in the container with 4C on it.|Can you hand me the parmesan cheese?|Please grab me the parmesan cheese in the glass bowl.|Please grab the olive oil for me.|Can you get the olive oil in the tall glass bottle for me?"
"31D0ZWOD0A0KKC0PWV6H3KI1QS9A0E","347175VYZ0878JMLDRF5KSPG4XTQH9","Cooking with Assistance","Write a command to ask a person to hand you an ingredient","image, cooking, command, assistance","$1.20","Fri Jan 16 21:32:36 GMT 2015","100","BatchId:1791393;","3600","28800","Fri Jan 16 21:42:53 GMT 2015","","","3P1L2B7AD1QP6WH6L92KRJQDTGDOLR","A544VW8YTMPJP","Approved","Fri Jan 16 21:33:30 GMT 2015","Fri Jan 16 21:38:17 GMT 2015","Fri Jan 16 21:38:17 PST 2015","Fri Jan 16 13:43:25 PST 2015","","","287","100% (1/1)","100% (1/1)","100% (1/1)","http://cs.brown.edu/~dwhitney/recipe_scenes/artichokes1/artichokes.jpg","http://cs.brown.edu/~dwhitney/recipe_scenes/artichokes1/parmesan.jpg","http://cs.brown.edu/~dwhitney/recipe_scenes/artichokes1/parsley.jpg","http://cs.brown.edu/~dwhitney/recipe_scenes/artichokes1/bread_crumbs.jpg","http://cs.brown.edu/~dwhitney/recipe_scenes/artichokes1/olive_oil.jpg","Could you please pass me the antichokes?|The artichokes please.|May I have some parsley?|Parsley Please|Please pass me the bread crumbs.|I need the breadcrumbs, please.|Now i need the parmesan cheese.|Please pass the Parmesan cheese|Could you be so kind to pass the olive oil?|Please pass me the olive oil."
"31D0ZWOD0A0KKC0PWV6H3KI1QS9A0E","347175VYZ0878JMLDRF5KSPG4XTQH9","Cooking with Assistance","Write a command to ask a person to hand you an ingredient","image, cooking, command, assistance","$1.20","Fri Jan 16 21:32:36 GMT 2015","100","BatchId:1791393;","3600","28800","Fri Jan 16 21:42:53 GMT 2015","","","3P4RDNWND579FKI3KTD2R7HZDIAJIQ","AIH06SF8MK6XF","Approved","Fri Jan 16 21:34:07 GMT 2015","Fri Jan 16 21:38:38 GMT 2015","Fri Jan 16 21:38:38 PST 2015","Fri Jan 16 13:43:25 PST 2015","","","271","100% (1/1)","100% (1/1)","100% (1/1)","http://cs.brown.edu/~dwhitney/recipe_scenes/artichokes1/artichokes.jpg","http://cs.brown.edu/~dwhitney/recipe_scenes/artichokes1/parmesan.jpg","http://cs.brown.edu/~dwhitney/recipe_scenes/artichokes1/parsley.jpg","http://cs.brown.edu/~dwhitney/recipe_scenes/artichokes1/bread_crumbs.jpg","http://cs.brown.edu/~dwhitney/recipe_scenes/artichokes1/olive_oil.jpg","Can you give me the artichokes?|I need the artichokes on the right side of the chopping board.|May you hand me that parsely?|Can you grab that parsely on the cutting board?|Can you get me that can of bread crumbs?|I need that can of bread crumbs on the counter.|Can you get me that bowl of parmesan cheese?|I need that bowl of parmesan cheese onthe counter.|Can you pass me that bottle of olive oil?|May you get me that bottle of olive oil next to the microwave?"
"31D0ZWOD0A0KKC0PWV6H3KI1QS9A0E","347175VYZ0878JMLDRF5KSPG4XTQH9","Cooking with Assistance","Write a command to ask a person to hand you an ingredient","image, cooking, command, assistance","$1.20","Fri Jan 16 21:32:36 GMT 2015","100","BatchId:1791393;","3600","28800","Fri Jan 16 21:42:53 GMT 2015","","","3PQ8K71NHXLJ89W1EZ8CHAQXANAAAW","A1BQCRF5Q76YFY","Approved","Fri Jan 16 21:32:59 GMT 2015","Fri Jan 16 21:36:47 GMT 2015","Fri Jan 16 21:36:47 PST 2015","Fri Jan 16 13:43:25 PST 2015","","","228","100% (1/1)","100% (1/1)","100% (1/1)","http://cs.brown.edu/~dwhitney/recipe_scenes/artichokes1/artichokes.jpg","http://cs.brown.edu/~dwhitney/recipe_scenes/artichokes1/parmesan.jpg","http://cs.brown.edu/~dwhitney/recipe_scenes/artichokes1/parsley.jpg","http://cs.brown.edu/~dwhitney/recipe_scenes/artichokes1/bread_crumbs.jpg","http://cs.brown.edu/~dwhitney/recipe_scenes/artichokes1/olive_oil.jpg","Can you hand me the artichokes? |Please give me the round artichokes.|Can you hand me the parsley?|Can you hand me the parsley bundle? |Can you hand me the bread crumbs?|Will you hand me the can of bread crumbs?|Will you hand me the parmesan cheese|Will you hand me the bowl of parmesan cheese? |Please  give me the olive oil|Will you please give me the bottle of olive oil?"
"31D0ZWOD0A0KKC0PWV6H3KI1QS9A0E","347175VYZ0878JMLDRF5KSPG4XTQH9","Cooking with Assistance","Write a command to ask a person to hand you an ingredient","image, cooking, command, assistance","$1.20","Fri Jan 16 21:32:36 GMT 2015","100","BatchId:1791393;","3600","28800","Fri Jan 16 21:42:53 GMT 2015","","","3QEMNNSB2X0ZNE1FR6NUXKWDUI27D5","AOIK8K4X34LGR","Approved","Fri Jan 16 21:35:07 GMT 2015","Fri Jan 16 21:41:32 GMT 2015","Fri Jan 16 21:41:32 PST 2015","Fri Jan 16 13:43:23 PST 2015","","","385","100% (1/1)","100% (1/1)","100% (1/1)","http://cs.brown.edu/~dwhitney/recipe_scenes/artichokes1/artichokes.jpg","http://cs.brown.edu/~dwhitney/recipe_scenes/artichokes1/parmesan.jpg","http://cs.brown.edu/~dwhitney/recipe_scenes/artichokes1/parsley.jpg","http://cs.brown.edu/~dwhitney/recipe_scenes/artichokes1/bread_crumbs.jpg","http://cs.brown.edu/~dwhitney/recipe_scenes/artichokes1/olive_oil.jpg","Please hand me the 4 artichokes.|Please give me the artichokes, 4 of them in front of the Aunt Jemima box.|I need the parsley next, please.|Please give me the parsley that's on the cutting board.|Pass me the container of bread crumbs, thanks.|I need the bread crumbs in the white cylindrical box, please.|Please give me the bowl of grated Parmesan cheese.|I need the grated Parmesan cheese in the clear bowl to the left of the cutting board, please.|Reach the olive oil for me, will you please?|Please hand me the olive oil in the tall clear jar."
"31D0ZWOD0A0KKC0PWV6H3KI1QS9A0E","347175VYZ0878JMLDRF5KSPG4XTQH9","Cooking with Assistance","Write a command to ask a person to hand you an ingredient","image, cooking, command, assistance","$1.20","Fri Jan 16 21:32:36 GMT 2015","100","BatchId:1791393;","3600","28800","Fri Jan 16 21:42:53 GMT 2015","","","3R3YRB5GRF43NIAZK4P3HB2RHQ2AU8","A251C41CYHY65Q","Approved","Fri Jan 16 21:34:35 GMT 2015","Fri Jan 16 21:38:53 GMT 2015","Fri Jan 16 21:38:53 PST 2015","Fri Jan 16 13:43:23 PST 2015","","","258","100% (1/1)","100% (1/1)","100% (1/1)","http://cs.brown.edu/~dwhitney/recipe_scenes/artichokes1/artichokes.jpg","http://cs.brown.edu/~dwhitney/recipe_scenes/artichokes1/parmesan.jpg","http://cs.brown.edu/~dwhitney/recipe_scenes/artichokes1/parsley.jpg","http://cs.brown.edu/~dwhitney/recipe_scenes/artichokes1/bread_crumbs.jpg","http://cs.brown.edu/~dwhitney/recipe_scenes/artichokes1/olive_oil.jpg","Please hand me the artichokes.|Hand me those 4 artichokes, near the microwave.|Please give me the parsley.|Hand me the bunch of parsley at the edge of the cutting board.|Please hand me the bread crumbs.|Please give me the box of bread crumbs on the left side of the counter.|Please give me the Parmesan cheese.|Please hand me the bowl of Parmesan cheese at the edge of the counter.|Please hand me the olive oil.|Please hand me the bottle of olive oil next to the microwave."
"31D0ZWOD0A0KKC0PWV6H3KI1QS9A0E","347175VYZ0878JMLDRF5KSPG4XTQH9","Cooking with Assistance","Write a command to ask a person to hand you an ingredient","image, cooking, command, assistance","$1.20","Fri Jan 16 21:32:36 GMT 2015","100","BatchId:1791393;","3600","28800","Fri Jan 16 21:42:53 GMT 2015","","","3RSDURM96ANNU4BGAAOEGFYVYTCEY6","A2E3SM3T01ENIR","Approved","Fri Jan 16 21:34:57 GMT 2015","Fri Jan 16 21:43:33 GMT 2015","Fri Jan 16 21:43:33 PST 2015","Fri Jan 16 13:44:20 PST 2015","","","516","100% (1/1)","100% (1/1)","100% (1/1)","http://cs.brown.edu/~dwhitney/recipe_scenes/artichokes1/artichokes.jpg","http://cs.brown.edu/~dwhitney/recipe_scenes/artichokes1/parmesan.jpg","http://cs.brown.edu/~dwhitney/recipe_scenes/artichokes1/parsley.jpg","http://cs.brown.edu/~dwhitney/recipe_scenes/artichokes1/bread_crumbs.jpg","http://cs.brown.edu/~dwhitney/recipe_scenes/artichokes1/olive_oil.jpg","Hand me the artichokes.|Please hand me the artichokes.|Can I have the parsley?|Please give me the parsley next to the cutting board.|Can I have the breadcrumbs?|Please, can you give me the breadcrumbs?|Can I have the cheese?|Please, will you give me the Parmesan cheese on the left side of the counter?|Can you give me the olive oil?|Please hand me the olive oil next to the microwave."
"31D0ZWOD0A0KKC0PWV6H3KI1QS9A0E","347175VYZ0878JMLDRF5KSPG4XTQH9","Cooking with Assistance","Write a command to ask a person to hand you an ingredient","image, cooking, command, assistance","$1.20","Fri Jan 16 21:32:36 GMT 2015","100","BatchId:1791393;","3600","28800","Fri Jan 16 21:42:53 GMT 2015","","","3RXCAC0YIRQ6ZCGP31G8H5V5IUP8G4","A128BUMKWWS54Z","Approved","Fri Jan 16 21:36:55 GMT 2015","Fri Jan 16 21:39:36 GMT 2015","Fri Jan 16 21:39:36 PST 2015","Fri Jan 16 13:43:23 PST 2015","","","161","100% (1/1)","100% (1/1)","100% (1/1)","http://cs.brown.edu/~dwhitney/recipe_scenes/artichokes1/artichokes.jpg","http://cs.brown.edu/~dwhitney/recipe_scenes/artichokes1/parmesan.jpg","http://cs.brown.edu/~dwhitney/recipe_scenes/artichokes1/parsley.jpg","http://cs.brown.edu/~dwhitney/recipe_scenes/artichokes1/bread_crumbs.jpg","http://cs.brown.edu/~dwhitney/recipe_scenes/artichokes1/olive_oil.jpg","Please hand me the artichoke.|Please hand me the artichoke to the right of the cutting board.|Please hand me the parsley.|Please hand me the parsley on the top, left-hand side of the cutting board.|Please hand me the bread crumbs.|Please hand me the bread crumbs, in the black and white container.|Please hand me the parmesan cheese.|Please hand me the parmesan cheese in the glass bowl.|Please hand me the olive oil.|Please hand me the olive oil, it is the bottle behind the artichokes."
"31D0ZWOD0A0KKC0PWV6H3KI1QS9A0E","347175VYZ0878JMLDRF5KSPG4XTQH9","Cooking with Assistance","Write a command to ask a person to hand you an ingredient","image, cooking, command, assistance","$1.20","Fri Jan 16 21:32:36 GMT 2015","100","BatchId:1791393;","3600","28800","Fri Jan 16 21:42:53 GMT 2015","","","3S3AMIZX3U65ZVWBINV5D6ORVTSDC3","A3GOKNZGZGHL45","Approved","Fri Jan 16 21:32:56 GMT 2015","Fri Jan 16 21:39:35 GMT 2015","Fri Jan 16 21:39:35 PST 2015","Fri Jan 16 13:43:22 PST 2015","","","399","100% (1/1)","100% (1/1)","100% (1/1)","http://cs.brown.edu/~dwhitney/recipe_scenes/artichokes1/artichokes.jpg","http://cs.brown.edu/~dwhitney/recipe_scenes/artichokes1/parmesan.jpg","http://cs.brown.edu/~dwhitney/recipe_scenes/artichokes1/parsley.jpg","http://cs.brown.edu/~dwhitney/recipe_scenes/artichokes1/bread_crumbs.jpg","http://cs.brown.edu/~dwhitney/recipe_scenes/artichokes1/olive_oil.jpg","Hand me the artichokes, please.|The artichokes, near the microwave, on the cutting board.|Grab the parsley, please.|The parsley that is all on the cutting board.|Can you grab the bread crumbs?|The breadcrumbs, in the white and black container to the left of the cutting board.|Please pass me the Parmesan cheese.|The Parmesan cheese in the glass bowl to the left of the cutting board.|Can you grab the olive oil?|The olive oil, in front of the microwave, in the glass bottle."
"31D0ZWOD0A0KKC0PWV6H3KI1QS9A0E","347175VYZ0878JMLDRF5KSPG4XTQH9","Cooking with Assistance","Write a command to ask a person to hand you an ingredient","image, cooking, command, assistance","$1.20","Fri Jan 16 21:32:36 GMT 2015","100","BatchId:1791393;","3600","28800","Fri Jan 16 21:42:53 GMT 2015","","","3SKEMFQBZ36B1YC8TS1NFXNYPB6K8J","A1XUGKZF5D1OSQ","Approved","Fri Jan 16 21:40:01 GMT 2015","Fri Jan 16 21:43:12 GMT 2015","Fri Jan 16 21:43:12 PST 2015","Fri Jan 16 13:43:41 PST 2015","","","191","100% (1/1)","100% (1/1)","100% (1/1)","http://cs.brown.edu/~dwhitney/recipe_scenes/artichokes1/artichokes.jpg","http://cs.brown.edu/~dwhitney/recipe_scenes/artichokes1/parmesan.jpg","http://cs.brown.edu/~dwhitney/recipe_scenes/artichokes1/parsley.jpg","http://cs.brown.edu/~dwhitney/recipe_scenes/artichokes1/bread_crumbs.jpg","http://cs.brown.edu/~dwhitney/recipe_scenes/artichokes1/olive_oil.jpg","Hand me the artichokes.|Hand me the light green veggie with hard leaves.|Hand me the parsley.|The leafy green sprigs of parsley in front of the tuperware.|Will you pass the bread crumbs?|I need the bread crumbs in the white and black container to the left of the parsley.|Please pass the Parmesan cheese.|Pass the cheese in front of the bread crumbs in the small bowl.|Please pass me the container of olive oil.|It is the oil in the tall glass behind the artichokes."
"31D0ZWOD0A0KKC0PWV6H3KI1QS9A0E","347175VYZ0878JMLDRF5KSPG4XTQH9","Cooking with Assistance","Write a command to ask a person to hand you an ingredient","image, cooking, command, assistance","$1.20","Fri Jan 16 21:32:36 GMT 2015","100","BatchId:1791393;","3600","28800","Fri Jan 16 21:42:53 GMT 2015","","","3TR2532VIPVTM0N2IS4DU4RU4RF6JJ","A2DB5PGPTMYVSD","Approved","Fri Jan 16 21:33:15 GMT 2015","Fri Jan 16 21:36:50 GMT 2015","Fri Jan 16 21:36:50 PST 2015","Fri Jan 16 13:43:24 PST 2015","","","215","100% (1/1)","100% (1/1)","100% (1/1)","http://cs.brown.edu/~dwhitney/recipe_scenes/artichokes1/artichokes.jpg","http://cs.brown.edu/~dwhitney/recipe_scenes/artichokes1/parmesan.jpg","http://cs.brown.edu/~dwhitney/recipe_scenes/artichokes1/parsley.jpg","http://cs.brown.edu/~dwhitney/recipe_scenes/artichokes1/bread_crumbs.jpg","http://cs.brown.edu/~dwhitney/recipe_scenes/artichokes1/olive_oil.jpg","Please hand me the artichokes|Can you hand me the artichokes on the right of the cutting board?|Can you give me the parsley?|Can you pass the bunch of parsley to me?|Hand me that container of bread crumbs please.|Can you grab that tube of bread crumbs please?|Pick up the bowl of parmesan cheese.|Would you mind passing the parmesan cheese?|Can you pass the olive oil?|Can you pass that glass bottle of olive oil?"
"31D0ZWOD0A0KKC0PWV6H3KI1QS9A0E","347175VYZ0878JMLDRF5KSPG4XTQH9","Cooking with Assistance","Write a command to ask a person to hand you an ingredient","image, cooking, command, assistance","$1.20","Fri Jan 16 21:32:36 GMT 2015","100","BatchId:1791393;","3600","28800","Fri Jan 16 21:42:53 GMT 2015","","","3WLEIWSYHOI9DT9B7QPPSEU3BU9H28","A2V4L17P1BZAIC","Approved","Fri Jan 16 21:33:49 GMT 2015","Fri Jan 16 21:35:41 GMT 2015","Fri Jan 16 21:35:41 PST 2015","Fri Jan 16 13:43:26 PST 2015","","","112","100% (1/1)","100% (1/1)","100% (1/1)","http://cs.brown.edu/~dwhitney/recipe_scenes/artichokes1/artichokes.jpg","http://cs.brown.edu/~dwhitney/recipe_scenes/artichokes1/parmesan.jpg","http://cs.brown.edu/~dwhitney/recipe_scenes/artichokes1/parsley.jpg","http://cs.brown.edu/~dwhitney/recipe_scenes/artichokes1/bread_crumbs.jpg","http://cs.brown.edu/~dwhitney/recipe_scenes/artichokes1/olive_oil.jpg","Pass me the artichokes|The green vegetables next to the Aunt Jemima box|Give me the parsley|The green leaves on the chopping board|I need the breadcrumbs|The white box on the left|Can I have the parmesan cheese?|The grated cheese on the left of the chopping board|Lastly I need the olive oil|The oil in the bottle by the microwave"
"31D0ZWOD0A0KKC0PWV6H3KI1QS9A0E","347175VYZ0878JMLDRF5KSPG4XTQH9","Cooking with Assistance","Write a command to ask a person to hand you an ingredient","image, cooking, command, assistance","$1.20","Fri Jan 16 21:32:36 GMT 2015","100","BatchId:1791393;","3600","28800","Fri Jan 16 21:42:53 GMT 2015","","","3X1FV8S5JXS4AOC2BURI9JFDTSPVGV","AWA9E0MXCUZEX","Approved","Fri Jan 16 21:37:21 GMT 2015","Fri Jan 16 21:40:57 GMT 2015","Fri Jan 16 21:40:57 PST 2015","Fri Jan 16 13:43:39 PST 2015","","","216","100% (1/1)","100% (1/1)","100% (1/1)","http://cs.brown.edu/~dwhitney/recipe_scenes/artichokes1/artichokes.jpg","http://cs.brown.edu/~dwhitney/recipe_scenes/artichokes1/parmesan.jpg","http://cs.brown.edu/~dwhitney/recipe_scenes/artichokes1/parsley.jpg","http://cs.brown.edu/~dwhitney/recipe_scenes/artichokes1/bread_crumbs.jpg","http://cs.brown.edu/~dwhitney/recipe_scenes/artichokes1/olive_oil.jpg","Please pass me the artichokes.|Please give me the artichokes on the right side of the bench.|Please hand me the parsley.|Please hand me the bunch of parsley sitting on the chopping board.|Please pass me the bread crumbs.|Give me the bread crumbs on the far left side of the bench.|Hand me the Parmesan cheese.|Pass me the Parmesan cheese in the clear glass bowl.|Please pass me the olive oil.|Hand me the olive oil in the thin glass bottle."
"31D0ZWOD0A0KKC0PWV6H3KI1QS9A0E","347175VYZ0878JMLDRF5KSPG4XTQH9","Cooking with Assistance","Write a command to ask a person to hand you an ingredient","image, cooking, command, assistance","$1.20","Fri Jan 16 21:32:36 GMT 2015","100","BatchId:1791393;","3600","28800","Fri Jan 16 21:42:53 GMT 2015","","","3XC1O3LBOSN5JOMEHQOJLTW0SOULTA","AK9ZPW1WLYRL7","Approved","Fri Jan 16 21:33:18 GMT 2015","Fri Jan 16 21:35:55 GMT 2015","Fri Jan 16 21:35:55 PST 2015","Fri Jan 16 13:43:24 PST 2015","","","157","100% (1/1)","100% (1/1)","100% (1/1)","http://cs.brown.edu/~dwhitney/recipe_scenes/artichokes1/artichokes.jpg","http://cs.brown.edu/~dwhitney/recipe_scenes/artichokes1/parmesan.jpg","http://cs.brown.edu/~dwhitney/recipe_scenes/artichokes1/parsley.jpg","http://cs.brown.edu/~dwhitney/recipe_scenes/artichokes1/bread_crumbs.jpg","http://cs.brown.edu/~dwhitney/recipe_scenes/artichokes1/olive_oil.jpg","Please hand over the artichocke|Please hand over the light green vegatable|Please hand me the parseley|Give me the parseley on the left side of the table|Please hand over the Bread Crumbs.|Give me the bread crumbs in the container on the left side|Please hand me the cheese|Give me the cheese in the bowl|Please hand me the oil|Please give me the oil that is in the big glass clear bottle"
"31D0ZWOD0A0KKC0PWV6H3KI1QS9A0E","347175VYZ0878JMLDRF5KSPG4XTQH9","Cooking with Assistance","Write a command to ask a person to hand you an ingredient","image, cooking, command, assistance","$1.20","Fri Jan 16 21:32:36 GMT 2015","100","BatchId:1791393;","3600","28800","Fri Jan 16 21:42:53 GMT 2015","","","3YW4XOSQKQM7TUXZOLWA6A9ODWX1UC","A2AWBDW9V1E9KT","Approved","Fri Jan 16 21:35:10 GMT 2015","Fri Jan 16 21:39:52 GMT 2015","Fri Jan 16 21:39:52 PST 2015","Fri Jan 16 13:43:22 PST 2015","","","282","100% (1/1)","100% (1/1)","100% (1/1)","http://cs.brown.edu/~dwhitney/recipe_scenes/artichokes1/artichokes.jpg","http://cs.brown.edu/~dwhitney/recipe_scenes/artichokes1/parmesan.jpg","http://cs.brown.edu/~dwhitney/recipe_scenes/artichokes1/parsley.jpg","http://cs.brown.edu/~dwhitney/recipe_scenes/artichokes1/bread_crumbs.jpg","http://cs.brown.edu/~dwhitney/recipe_scenes/artichokes1/olive_oil.jpg","Please pass me an artichoke.|The big round green things. |I need the parsley|The other green things, the leafy ones.|Hand me the bread brums, please.|It's the white and blue can, to the far left, behind the cheese.|I need the bowl of cheese.|Its the glass bowl, to the left, in the very front, that has shredded cheese in it. |Hand me the olive oin, please.|Its the bottle full of yellowish liquid by the microwave."
